"id","name","description","invoice_label","type_tax_use","tax_scope","amount_type","amount","sequence","is_vat","is_exempt","tax_group_id","perception_id","retention_id","repartition_line_ids/document_type","repartition_line_ids/repartition_type","repartition_line_ids/account_id","repartition_line_ids/factor_percent"
"vat_21_ventas","IVA Ventas 21%","IVA Ventas 21%","IVA Ventas 21%","sale","","percent","21.0","0","True","False","tax_group_vat_21","","","invoice","base","","100.0"
"","","","","","","","","","","","","","","refund","base","","100.0"
"","","","","","","","","","","","","","","invoice","tax","iva_debito_fiscal","100.0"
"","","","","","","","","","","","","","","refund","tax","iva_debito_fiscal","100.0"
"vat_21_compras","IVA Compras 21%","IVA Compras 21%","IVA Compras 21%","purchase","","percent","21.0","0","True","False","tax_group_vat_21","","","invoice","base","","100.0"
"","","","","","","","","","","","","","","refund","base","","100.0"
"","","","","","","","","","","","","","","invoice","tax","iva_credito_fiscal","100.0"
"","","","","","","","","","","","","","","refund","tax","iva_credito_fiscal","100.0"
"vat_105_ventas","IVA Ventas 10,5%","IVA Ventas 10,5%","IVA Ventas 10,5%","sale","","percent","10.5","1","True","False","tax_group_vat_10_5","","","invoice","base","","100.0"
"","","","","","","","","","","","","","","refund","base","","100.0"
"","","","","","","","","","","","","","","invoice","tax","iva_debito_fiscal","100.0"
"","","","","","","","","","","","","","","refund","tax","iva_debito_fiscal","100.0"
"vat_27_ventas","IVA Ventas 27%","IVA Ventas 27%","IVA Ventas 27%","sale","","percent","27.0","1","True","False","tax_group_vat_27","","","invoice","base","","100.0"
"","","","","","","","","","","","","","","refund","base","","100.0"
"","","","","","","","","","","","","","","invoice","tax","iva_debito_fiscal","100.0"
"","","","","","","","","","","","","","","refund","tax","iva_debito_fiscal","100.0"
"vat_25_ventas","IVA Ventas 2,5%","IVA Ventas 2,5%","IVA Ventas 2,5%","sale","","percent","2.5","1","True","False","tax_group_vat_2_5","","","invoice","base","","100.0"
"","","","","","","","","","","","","","","refund","base","","100.0"
"","","","","","","","","","","","","","","invoice","tax","iva_debito_fiscal","100.0"
"","","","","","","","","","","","","","","refund","tax","iva_debito_fiscal","100.0"
"vat_5_ventas","IVA Ventas 5%","IVA Ventas 5%","IVA Ventas 5%","sale","","percent","5.0","1","True","False","tax_group_vat_5","","","invoice","base","","100.0"
"","","","","","","","","","","","","","","refund","base","","100.0"
"","","","","","","","","","","","","","","invoice","tax","iva_debito_fiscal","100.0"
"","","","","","","","","","","","","","","refund","tax","iva_debito_fiscal","100.0"
"vat_0_ventas","IVA Ventas 0%","IVA Ventas 0%","IVA Ventas 0%","sale","","percent","0.0","1","True","False","tax_group_vat_0","","","invoice","base","","100.0"
"","","","","","","","","","","","","","","refund","base","","100.0"
"","","","","","","","","","","","","","","invoice","tax","iva_debito_fiscal","100.0"
"","","","","","","","","","","","","","","refund","tax","iva_debito_fiscal","100.0"
"vat_exento_ventas","IVA Ventas Exento","IVA Ventas Exento","IVA Ventas Exento","sale","","fixed","0.0","1","True","True","tax_group_vat_exempt","","","invoice","base","","100.0"
"","","","","","","","","","","","","","","refund","base","","100.0"
"","","","","","","","","","","","","","","invoice","tax","iva_debito_fiscal","100.0"
"","","","","","","","","","","","","","","refund","tax","iva_debito_fiscal","100.0"
"vat_no_gravado_ventas","Ventas No gravado","Ventas No gravado","Ventas No gravado","sale","","fixed","0.0","1","False","False","tax_group_ng","","","invoice","base","","100.0"
"","","","","","","","","","","","","","","refund","base","","100.0"
"","","","","","","","","","","","","","","invoice","tax","iva_debito_fiscal","100.0"
"","","","","","","","","","","","","","","refund","tax","iva_debito_fiscal","100.0"
"vat_27_compras","IVA Compras 27%","IVA Compras 27%","IVA Compras 27%","purchase","","percent","27.0","1","True","False","tax_group_vat_27","","","invoice","base","","100.0"
"","","","","","","","","","","","","","","refund","base","","100.0"
"","","","","","","","","","","","","","","invoice","tax","iva_credito_fiscal","100.0"
"","","","","","","","","","","","","","","refund","tax","iva_credito_fiscal","100.0"
"vat_105_compras","IVA Compras 10,5%","IVA Compras 10,5%","IVA Compras 10,5%","purchase","","percent","10.5","1","True","False","tax_group_vat_10_5","","","invoice","base","","100.0"
"","","","","","","","","","","","","","","refund","base","","100.0"
"","","","","","","","","","","","","","","invoice","tax","iva_credito_fiscal","100.0"
"","","","","","","","","","","","","","","refund","tax","iva_credito_fiscal","100.0"
"vat_25_compras","IVA Compras 2,5%","IVA Compras 2,5%","IVA Compras 2,5%","purchase","","percent","2.5","1","True","False","tax_group_vat_2_5","","","invoice","base","","100.0"
"","","","","","","","","","","","","","","refund","base","","100.0"
"","","","","","","","","","","","","","","invoice","tax","iva_credito_fiscal","100.0"
"","","","","","","","","","","","","","","refund","tax","iva_credito_fiscal","100.0"
"vat_5_compras","IVA Compras 5%","IVA Compras 5%","IVA Compras 5%","purchase","","percent","5.0","1","True","False","tax_group_vat_5","","","invoice","base","","100.0"
"","","","","","","","","","","","","","","refund","base","","100.0"
"","","","","","","","","","","","","","","invoice","tax","iva_credito_fiscal","100.0"
"","","","","","","","","","","","","","","refund","tax","iva_credito_fiscal","100.0"
"vat_0_compras","IVA Compras 0%","IVA Compras 0%","IVA Compras 0%","purchase","","percent","0.0","1","True","False","tax_group_vat_0","","","invoice","base","","100.0"
"","","","","","","","","","","","","","","refund","base","","100.0"
"","","","","","","","","","","","","","","invoice","tax","iva_credito_fiscal","100.0"
"","","","","","","","","","","","","","","refund","tax","iva_credito_fiscal","100.0"
"vat_exento_compras","IVA Compras Exento","IVA Compras Exento","IVA Compras Exento","purchase","","fixed","0.0","1","True","True","tax_group_vat_exempt","","","invoice","base","","100.0"
"","","","","","","","","","","","","","","refund","base","","100.0"
"","","","","","","","","","","","","","","invoice","tax","iva_credito_fiscal","100.0"
"","","","","","","","","","","","","","","refund","tax","iva_credito_fiscal","100.0"
"vat_no_gravado_compras","Compras No gravado","Compras No gravado","Compras No gravado","purchase","","fixed","0.0","1","False","False","tax_group_ng","","","invoice","base","","100.0"
"","","","","","","","","","","","","","","refund","base","","100.0"
"","","","","","","","","","","","","","","invoice","tax","iva_credito_fiscal","100.0"
"","","","","","","","","","","","","","","refund","tax","iva_credito_fiscal","100.0"
"vat_impuestos_internos","Impuestos internos","Impuestos internos","Impuestos internos","purchase","","fixed","1.0","1","False","False","tax_group_internal","","","invoice","base","","100.0"
"","","","","","","","","","","","","","","refund","base","","100.0"
"","","","","","","","","","","","","","","invoice","tax","otros_impuestos_tasas_y_contribuciones","100.0"
"","","","","","","","","","","","","","","refund","tax","otros_impuestos_tasas_y_contribuciones","100.0"
"vat_enard","Enard","Enard","Enard","purchase","","fixed","0.0","1","False","False","tax_group_enard","","","invoice","base","","100.0"
"","","","","","","","","","","","","","","refund","base","","100.0"
"","","","","","","","","","","","","","","invoice","tax","otros_impuestos_tasas_y_contribuciones","100.0"
"","","","","","","","","","","","","","","refund","tax","otros_impuestos_tasas_y_contribuciones","100.0"
"tax_percepcion_ganancia_sufrida","Percepciones Ganancias Sufrida","Percepciones Ganancias Sufrida","Percepciones Ganancias Sufrida","purchase","","perception","0.0","1","False","False","tax_group_perception_profit","l10n_ar.perception_perception_ganancias_sufrida","","invoice","base","","0.0"
"","","","","","","","","","","","","","","refund","base","","0.0"
"","","","","","","","","","","","","","","invoice","tax","imp_a_las_ganancias_percepciones_sufridas","100.0"
"","","","","","","","","","","","","","","refund","tax","imp_a_las_ganancias_percepciones_sufridas","100.0"
"tax_percepcion_iva_sufrida","Percepciones IVA Sufrida","Percepciones IVA Sufrida","Percepciones IVA Sufrida","purchase","","perception","0.0","1","False","False","tax_group_perception_vat","l10n_ar.perception_perception_iva_sufrida","","invoice","base","","0.0"
"","","","","","","","","","","","","","","refund","base","","0.0"
"","","","","","","","","","","","","","","invoice","tax","iva_percepciones_sufridas","100.0"
"","","","","","","","","","","","","","","refund","tax","iva_percepciones_sufridas","100.0"
"tax_percepcion_iibb_caba_sufrida","Percepciones IIBB CABA Sufrida","Percepciones IIBB CABA Sufrida","Percepciones IIBB CABA Sufrida","purchase","","perception","0.0","1","False","False","tax_group_perception_iibb_caba","l10n_ar.perception_perception_iibb_caba_sufrida","","invoice","base","","0.0"
"","","","","","","","","","","","","","","refund","base","","0.0"
"","","","","","","","","","","","","","","invoice","tax","imp_ingresos_brutos_percepciones_sufridas_caba","100.0"
"","","","","","","","","","","","","","","refund","tax","imp_ingresos_brutos_percepciones_sufridas_caba","100.0"
"tax_percepcion_iibb_caba_efectuada","Percepción IIBB CABA Efectuada","Percepción IIBB CABA Efectuada","Percepción IIBB CABA Efectuada","sale","","perception","0.0","1","False","False","tax_group_perception_iibb_caba","l10n_ar.perception_perception_iibb_caba_efectuada","","invoice","base","","0.0"
"","","","","","","","","","","","","","","refund","base","","0.0"
"","","","","","","","","","","","","","","invoice","tax","percepciones_a_depositar_imp_ingresos_brutos_caba","100.0"
"","","","","","","","","","","","","","","refund","tax","percepciones_a_depositar_imp_ingresos_brutos_caba","100.0"
"tax_percepcion_iibb_pba_sufrida","Percepciones IIBB PBA Sufrida","Percepciones IIBB PBA Sufrida","Percepciones IIBB PBA Sufrida","purchase","","perception","0.0","1","False","False","tax_group_perception_iibb_pba","l10n_ar.perception_perception_iibb_pba_sufrida","","invoice","base","","0.0"
"","","","","","","","","","","","","","","refund","base","","0.0"
"","","","","","","","","","","","","","","invoice","tax","imp_ingresos_brutos_percepciones_sufridas_pcia_ba","100.0"
"","","","","","","","","","","","","","","refund","tax","imp_ingresos_brutos_percepciones_sufridas_pcia_ba","100.0"
"tax_percepcion_iibb_pba_efectuada","Percepciones IIBB PBA Efectuada","Percepciones IIBB PBA Efectuada","Percepciones IIBB PBA Efectuada","sale","","perception","0.0","1","False","False","tax_group_perception_iibb_pba","l10n_ar.perception_perception_iibb_pba_efectuada","","invoice","base","","0.0"
"","","","","","","","","","","","","","","refund","base","","0.0"
"","","","","","","","","","","","","","","invoice","tax","percepciones_a_depositar_imp_ingresos_brutos_pcia_ba","100.0"
"","","","","","","","","","","","","","","refund","tax","percepciones_a_depositar_imp_ingresos_brutos_pcia_ba","100.0"
"tax_percepcion_iibb_tucuman_sufrida","Percepciones IIBB Tucuman Sufrida","Percepciones IIBB Tucuman Sufrida","Percepciones IIBB Tucuman Sufrida","purchase","","perception","0.0","1","False","False","tax_group_perception_iibb_tucuman","l10n_ar.perception_perception_iibb_tucuman_sufrida","","invoice","base","","0.0"
"","","","","","","","","","","","","","","refund","base","","0.0"
"","","","","","","","","","","","","","","invoice","tax","imp_ingresos_brutos_percepciones_sufridas_tucuman","100.0"
"","","","","","","","","","","","","","","refund","tax","imp_ingresos_brutos_percepciones_sufridas_tucuman","100.0"
"tax_percepcion_iibb_tucuman_efectuada","Percepción IIBB Tucuman Efectuada","Percepción IIBB Tucuman Efectuada","Percepción IIBB Tucuman Efectuada","sale","","perception","0.0","1","False","False","tax_group_perception_iibb_tucuman","l10n_ar.perception_perception_iibb_tucuman_efectuada","","invoice","base","","0.0"
"","","","","","","","","","","","","","","refund","base","","0.0"
"","","","","","","","","","","","","","","invoice","tax","percepciones_a_depositar_imp_ingresos_brutos_tucuman","100.0"
"","","","","","","","","","","","","","","refund","tax","percepciones_a_depositar_imp_ingresos_brutos_tucuman","100.0"
"tax_percepcion_iibb_misiones_efectuada","Percepción IIBB Misiones Efectuada","Percepción IIBB Misiones Efectuada","Percepción IIBB Misiones Efectuada","sale","","perception","0.0","1","False","False","tax_group_perception_iibb_misiones","l10n_ar.perception_perception_iibb_misiones_efectuada","","invoice","base","","0.0"
"","","","","","","","","","","","","","","refund","base","","0.0"
"","","","","","","","","","","","","","","invoice","tax","percepciones_a_depositar_imp_ingresos_brutos_misiones","100.0"
"","","","","","","","","","","","","","","refund","tax","percepciones_a_depositar_imp_ingresos_brutos_misiones","100.0"
"tax_percepcion_iibb_chaco_sufrida","Percepciones IIBB Chaco Sufrida","Percepciones IIBB Chaco Sufrida","Percepciones IIBB Chaco Sufrida","purchase","","perception","0.0","1","False","False","tax_group_perception_iibb_chaco","l10n_ar.perception_perception_iibb_chaco_sufrida","","invoice","base","","0.0"
"","","","","","","","","","","","","","","refund","base","","0.0"
"","","","","","","","","","","","","","","invoice","tax","imp_ingresos_brutos_percepciones_sufridas_chaco","100.0"
"","","","","","","","","","","","","","","refund","tax","imp_ingresos_brutos_percepciones_sufridas_chaco","100.0"
"tax_percepcion_iibb_mendoza_sufrida","Percepciones IIBB Mendoza Sufrida","Percepciones IIBB Mendoza Sufrida","Percepciones IIBB Mendoza Sufrida","purchase","","perception","0.0","1","False","False","tax_group_perception_iibb_mendoza","l10n_ar.perception_perception_iibb_mendoza_sufrida","","invoice","base","","0.0"
"","","","","","","","","","","","","","","refund","base","","0.0"
"","","","","","","","","","","","","","","invoice","tax","imp_ingresos_brutos_percepciones_sufridas_mendoza","100.0"
"","","","","","","","","","","","","","","refund","tax","imp_ingresos_brutos_percepciones_sufridas_mendoza","100.0"
"tax_percepcion_iibb_misiones_sufrida","Percepciones IIBB Misiones Sufrida","Percepciones IIBB Misiones Sufrida","Percepciones IIBB Misiones Sufrida","purchase","","perception","0.0","1","False","False","tax_group_perception_iibb_misiones","l10n_ar.perception_perception_iibb_misiones_sufrida","","invoice","base","","0.0"
"","","","","","","","","","","","","","","refund","base","","0.0"
"","","","","","","","","","","","","","","invoice","tax","imp_ingresos_brutos_percepciones_sufridas_misiones","100.0"
"","","","","","","","","","","","","","","refund","tax","imp_ingresos_brutos_percepciones_sufridas_misiones","100.0"
"tax_percepcion_iibb_neuquen_sufrida","Percepciones IIBB Neuquén Sufrida","Percepciones IIBB Neuquén Sufrida","Percepciones IIBB Neuquén Sufrida","purchase","","perception","0.0","1","False","False","tax_group_perception_iibb_neuquen","l10n_ar.perception_perception_iibb_neuquen_sufrida","","invoice","base","","0.0"
"","","","","","","","","","","","","","","refund","base","","0.0"
"","","","","","","","","","","","","","","invoice","tax","imp_ingresos_brutos_percepciones_sufridas_neuquen","100.0"
"","","","","","","","","","","","","","","refund","tax","imp_ingresos_brutos_percepciones_sufridas_neuquen","100.0"
"tax_percepcion_iibb_chubut_sufrida","Percepciones IIBB Chubut Sufrida","Percepciones IIBB Chubut Sufrida","Percepciones IIBB Chubut Sufrida","purchase","","perception","0.0","1","False","False","tax_group_perception_iibb_chubut","l10n_ar.perception_perception_iibb_chubut_sufrida","","invoice","base","","0.0"
"","","","","","","","","","","","","","","refund","base","","0.0"
"","","","","","","","","","","","","","","invoice","tax","imp_ingresos_brutos_percepciones_sufridas_chubut","100.0"
"","","","","","","","","","","","","","","refund","tax","imp_ingresos_brutos_percepciones_sufridas_chubut","100.0"
"tax_percepcion_iibb_la_pampa_sufrida","Percepciones IIBB La Pampa Sufrida","Percepciones IIBB La Pampa Sufrida","Percepciones IIBB La Pampa Sufrida","purchase","","perception","0.0","1","False","False","tax_group_perception_iibb_la_pampa","l10n_ar.perception_perception_iibb_la_pampa_sufrida","","invoice","base","","0.0"
"","","","","","","","","","","","","","","refund","base","","0.0"
"","","","","","","","","","","","","","","invoice","tax","imp_ingresos_brutos_percepciones_sufridas_la_pampa","100.0"
"","","","","","","","","","","","","","","refund","tax","imp_ingresos_brutos_percepciones_sufridas_la_pampa","100.0"
"tax_percepcion_iibb_san_luis_sufrida","Percepciones IIBB San Luis Sufrida","Percepciones IIBB San Luis Sufrida","Percepciones IIBB San Luis Sufrida","purchase","","perception","0.0","1","False","False","tax_group_perception_iibb_san_luis","l10n_ar.perception_perception_iibb_san_luis_sufrida","","invoice","base","","0.0"
"","","","","","","","","","","","","","","refund","base","","0.0"
"","","","","","","","","","","","","","","invoice","tax","imp_ingresos_brutos_percepciones_sufridas_san_luis","100.0"
"","","","","","","","","","","","","","","refund","tax","imp_ingresos_brutos_percepciones_sufridas_san_luis","100.0"
"tax_percepcion_iibb_santa_fe_sufrida","Percepciones IIBB Santa Fe Sufrida","Percepciones IIBB Santa Fe Sufrida","Percepciones IIBB Santa Fe Sufrida","purchase","","perception","0.0","1","False","False","tax_group_perception_iibb_santa_fe","l10n_ar.perception_perception_iibb_santa_fe_sufrida","","invoice","base","","0.0"
"","","","","","","","","","","","","","","refund","base","","0.0"
"","","","","","","","","","","","","","","invoice","tax","imp_ingresos_brutos_percepciones_sufridas_santa_fe","100.0"
"","","","","","","","","","","","","","","refund","tax","imp_ingresos_brutos_percepciones_sufridas_santa_fe","100.0"
"tax_percepcion_iibb_cordoba_sufrida","Percepciones IIBB Córdoba Sufrida","Percepciones IIBB Córdoba Sufrida","Percepciones IIBB Córdoba Sufrida","purchase","","perception","0.0","1","False","False","tax_group_perception_iibb_cordoba","l10n_ar.perception_perception_iibb_cordoba_sufrida","","invoice","base","","0.0"
"","","","","","","","","","","","","","","refund","base","","0.0"
"","","","","","","","","","","","","","","invoice","tax","imp_ingresos_brutos_percepciones_sufridas_cordoba","100.0"
"","","","","","","","","","","","","","","refund","tax","imp_ingresos_brutos_percepciones_sufridas_cordoba","100.0"
"tax_percepcion_iibb_entre_rios_sufrida","Percepciones IIBB Entre Ríos Sufrida","Percepciones IIBB Entre Ríos Sufrida","Percepciones IIBB Entre Ríos Sufrida","purchase","","perception","0.0","1","False","False","tax_group_perception_iibb_entre_rios","l10n_ar.perception_perception_iibb_entre_rios_sufrida","","invoice","base","","0.0"
"","","","","","","","","","","","","","","refund","base","","0.0"
"","","","","","","","","","","","","","","invoice","tax","imp_ingresos_brutos_percepciones_sufridas_entre_rios","100.0"
"","","","","","","","","","","","","","","refund","tax","imp_ingresos_brutos_percepciones_sufridas_entre_rios","100.0"
"tax_percepcion_iibb_jujuy_sufrida","Percepciones IIBB Jujuy Sufrida","Percepciones IIBB Jujuy Sufrida","Percepciones IIBB Jujuy Sufrida","purchase","","perception","0.0","1","False","False","tax_group_perception_iibb_jujuy","l10n_ar.perception_perception_iibb_jujuy_sufrida","","invoice","base","","0.0"
"","","","","","","","","","","","","","","refund","base","","0.0"
"","","","","","","","","","","","","","","invoice","tax","imp_ingresos_brutos_percepciones_sufridas_jujuy","100.0"
"","","","","","","","","","","","","","","refund","tax","imp_ingresos_brutos_percepciones_sufridas_jujuy","100.0"
"tax_percepcion_iibb_salta_sufrida","Percepciones IIBB Salta Sufrida","Percepciones IIBB Salta Sufrida","Percepciones IIBB Salta Sufrida","purchase","","perception","0.0","1","False","False","tax_group_perception_iibb_salta","l10n_ar.perception_perception_iibb_salta_sufrida","","invoice","base","","0.0"
"","","","","","","","","","","","","","","refund","base","","0.0"
"","","","","","","","","","","","","","","invoice","tax","imp_ingresos_brutos_percepciones_sufridas_salta","100.0"
"","","","","","","","","","","","","","","refund","tax","imp_ingresos_brutos_percepciones_sufridas_salta","100.0"
"tax_percepcion_iibb_san_juan_sufrida","Percepciones IIBB San Juan Sufrida","Percepciones IIBB San Juan Sufrida","Percepciones IIBB San Juan Sufrida","purchase","","perception","0.0","1","False","False","tax_group_perception_iibb_san_juan","l10n_ar.perception_perception_iibb_san_juan_sufrida","","invoice","base","","0.0"
"","","","","","","","","","","","","","","refund","base","","0.0"
"","","","","","","","","","","","","","","invoice","tax","imp_ingresos_brutos_percepciones_sufridas_san_juan","100.0"
"","","","","","","","","","","","","","","refund","tax","imp_ingresos_brutos_percepciones_sufridas_san_juan","100.0"
"tax_percepcion_iibb_corrientes_sufrida","Percepciones IIBB Corrientes Sufrida","Percepciones IIBB Corrientes Sufrida","Percepciones IIBB Corrientes Sufrida","purchase","","perception","0.0","1","False","False","tax_group_perception_iibb_corrientes","l10n_ar.perception_perception_iibb_corrientes_sufrida","","invoice","base","","0.0"
"","","","","","","","","","","","","","","refund","base","","0.0"
"","","","","","","","","","","","","","","invoice","tax","imp_ingresos_brutos_percepciones_sufridas_corrientes","100.0"
"","","","","","","","","","","","","","","refund","tax","imp_ingresos_brutos_percepciones_sufridas_corrientes","100.0"
"tax_percepcion_iibb_tierra_del_fuego_sufrida","Percepciones IIBB Tierra del Fuego Sufrida","Percepciones IIBB Tierra del Fuego Sufrida","Percepciones IIBB Tierra del Fuego Sufrida","purchase","","perception","0.0","1","False","False","tax_group_perception_iibb_tierra_del_fuego","l10n_ar.perception_perception_iibb_tierra_del_fuego_sufrida","","invoice","base","","0.0"
"","","","","","","","","","","","","","","refund","base","","0.0"
"","","","","","","","","","","","","","","invoice","tax","imp_ingresos_brutos_percepciones_sufridas_tierra_del_fuego","100.0"
"","","","","","","","","","","","","","","refund","tax","imp_ingresos_brutos_percepciones_sufridas_tierra_del_fuego","100.0"
"tax_percepcion_iibb_formosa_sufrida","Percepciones IIBB Formosa Sufrida","Percepciones IIBB Formosa Sufrida","Percepciones IIBB Formosa Sufrida","purchase","","perception","0.0","1","False","False","tax_group_perception_iibb_formosa","l10n_ar.perception_perception_iibb_formosa_sufrida","","invoice","base","","0.0"
"","","","","","","","","","","","","","","refund","base","","0.0"
"","","","","","","","","","","","","","","invoice","tax","imp_ingresos_brutos_percepciones_sufridas_formosa","100.0"
"","","","","","","","","","","","","","","refund","tax","imp_ingresos_brutos_percepciones_sufridas_formosa","100.0"
"tax_retencion_iva_sufrida","Retención IVA Sufrida","Retención IVA Sufrida","Retención IVA Sufrida","sale","","retention","0.0","1","False","False","tax_group_retention_vat","","l10n_ar.retention_retention_iva_sufrida","invoice","base","","100.0"
"","","","","","","","","","","","","","","refund","base","","100.0"
"","","","","","","","","","","","","","","invoice","tax","iva_retenciones_sufridas","100.0"
"","","","","","","","","","","","","","","refund","tax","iva_retenciones_sufridas","100.0"
"tax_retencion_iva_efectuada","Retención IVA Efectuada","Retención IVA Efectuada","Retención IVA Efectuada","purchase","","retention","0.0","1","False","False","tax_group_retention_vat","","l10n_ar.retention_retention_iva_efectuada","invoice","base","","100.0"
"","","","","","","","","","","","","","","refund","base","","100.0"
"","","","","","","","","","","","","","","invoice","tax","retenciones_a_depositar_iva","100.0"
"","","","","","","","","","","","","","","refund","tax","retenciones_a_depositar_iva","100.0"
"tax_retencion_iibb_caba_sufrida","Retención IIBB CABA Sufrida","Retención IIBB CABA Sufrida","Retención IIBB CABA Sufrida","sale","","retention","0.0","1","False","False","tax_group_retention_iibb_caba","","l10n_ar.retention_retention_iibb_caba_sufrida","invoice","base","","100.0"
"","","","","","","","","","","","","","","refund","base","","100.0"
"","","","","","","","","","","","","","","invoice","tax","imp_ingresos_brutos_retenciones_sufridas_caba","100.0"
"","","","","","","","","","","","","","","refund","tax","imp_ingresos_brutos_retenciones_sufridas_caba","100.0"
"tax_retencion_iibb_caba_efectuada","Retención IIBB CABA Efectuada","Retención IIBB CABA Efectuada","Retención IIBB CABA Efectuada","purchase","","retention","0.0","1","False","False","tax_group_retention_iibb_caba","","l10n_ar.retention_retention_iibb_caba_efectuada","invoice","base","","100.0"
"","","","","","","","","","","","","","","refund","base","","100.0"
"","","","","","","","","","","","","","","invoice","tax","retenciones_a_depositar_imp_ingresos_brutos_caba","100.0"
"","","","","","","","","","","","","","","refund","tax","retenciones_a_depositar_imp_ingresos_brutos_caba","100.0"
"tax_retencion_iibb_pba_sufrida","Retención IIBB PBA Sufrida","Retención IIBB PBA Sufrida","Retención IIBB PBA Sufrida","sale","","retention","0.0","1","False","False","tax_group_retention_iibb_pba","","l10n_ar.retention_retention_iibb_pba_sufrida","invoice","base","","100.0"
"","","","","","","","","","","","","","","refund","base","","100.0"
"","","","","","","","","","","","","","","invoice","tax","imp_ingresos_brutos_retenciones_sufridas_pcia_ba","100.0"
"","","","","","","","","","","","","","","refund","tax","imp_ingresos_brutos_retenciones_sufridas_pcia_ba","100.0"
"tax_retencion_iibb_pba_efectuada","Retención IIBB PBA Efectuada","Retención IIBB PBA Efectuada","Retención IIBB PBA Efectuada","purchase","","retention","0.0","1","False","False","tax_group_retention_iibb_pba","","l10n_ar.retention_retention_iibb_pba_efectuada","invoice","base","","100.0"
"","","","","","","","","","","","","","","refund","base","","100.0"
"","","","","","","","","","","","","","","invoice","tax","retenciones_a_depositar_imp_ingresos_brutos_pcia_ba","100.0"
"","","","","","","","","","","","","","","refund","tax","retenciones_a_depositar_imp_ingresos_brutos_pcia_ba","100.0"
"tax_retencion_iibb_tucuman_sufrida","Retención IIBB Tucuman Sufrida","Retención IIBB Tucuman Sufrida","Retención IIBB Tucuman Sufrida","sale","","retention","0.0","1","False","False","tax_group_retention_iibb_tucuman","","l10n_ar.retention_retention_iibb_tucuman_sufrida","invoice","base","","100.0"
"","","","","","","","","","","","","","","refund","base","","100.0"
"","","","","","","","","","","","","","","invoice","tax","imp_ingresos_brutos_retenciones_sufridas_tucuman","100.0"
"","","","","","","","","","","","","","","refund","tax","imp_ingresos_brutos_retenciones_sufridas_tucuman","100.0"
"tax_retencion_iibb_tucuman_efectuada","Retención IIBB Tucuman Efectuada","Retención IIBB Tucuman Efectuada","Retención IIBB Tucuman Efectuada","purchase","","retention","0.0","1","False","False","tax_group_retention_iibb_tucuman","","l10n_ar.retention_retention_iibb_tucuman_efectuada","invoice","base","","100.0"
"","","","","","","","","","","","","","","refund","base","","100.0"
"","","","","","","","","","","","","","","invoice","tax","retenciones_a_depositar_imp_ingresos_brutos_tucuman","100.0"
"","","","","","","","","","","","","","","refund","tax","retenciones_a_depositar_imp_ingresos_brutos_tucuman","100.0"
"tax_retencion_ganancias_sufrida","Retención Ganancias Sufrida","Retención Ganancias Sufrida","Retención Ganancias Sufrida","sale","","retention","0.0","1","False","False","tax_group_retention_profit","","l10n_ar.retention_retention_ganancias_sufrida","invoice","base","","100.0"
"","","","","","","","","","","","","","","refund","base","","100.0"
"","","","","","","","","","","","","","","invoice","tax","imp_a_las_ganancias_retenciones_sufridas","100.0"
"","","","","","","","","","","","","","","refund","tax","imp_a_las_ganancias_retenciones_sufridas","100.0"
"tax_retencion_ganancias_efectuada","Retención Ganancias Efectuada","Retención Ganancias Efectuada","Retención Ganancias Efectuada","purchase","","retention","0.0","1","False","False","tax_group_retention_profit","","l10n_ar.retention_retention_ganancias_efectuada","invoice","base","","100.0"
"","","","","","","","","","","","","","","refund","base","","100.0"
"","","","","","","","","","","","","","","invoice","tax","retenciones_a_depositar_imp_a_las_ganancias","100.0"
"","","","","","","","","","","","","","","refund","tax","retenciones_a_depositar_imp_a_las_ganancias","100.0"
"tax_retencion_iibb_misiones_efectuada","Retención IIBB Misiones Efectuada","Retención IIBB Misiones Efectuada","Retención IIBB Misiones Efectuada","purchase","","retention","0.0","1","False","False","tax_group_retention_iibb_misiones","","l10n_ar.retention_retention_iibb_misiones_efectuada","invoice","base","","100.0"
"","","","","","","","","","","","","","","refund","base","","100.0"
"","","","","","","","","","","","","","","invoice","tax","retenciones_a_depositar_imp_ingresos_brutos_misiones","100.0"
"","","","","","","","","","","","","","","refund","tax","retenciones_a_depositar_imp_ingresos_brutos_misiones","100.0"
"tax_retencion_iibb_chaco_sufrida","Retención IIBB Chaco Sufrida","Retención IIBB Chaco Sufrida","Retención IIBB Chaco Sufrida","sale","","retention","0.0","1","False","False","tax_group_retention_iibb_chaco","","l10n_ar.retention_retention_iibb_chaco_sufrida","invoice","base","","100.0"
"","","","","","","","","","","","","","","refund","base","","100.0"
"","","","","","","","","","","","","","","invoice","tax","imp_ingresos_brutos_retenciones_sufridas_chaco","100.0"
"","","","","","","","","","","","","","","refund","tax","imp_ingresos_brutos_retenciones_sufridas_chaco","100.0"
"tax_retencion_iibb_chubut_sufrida","Retención IIBB Chubut Sufrida","Retención IIBB Chubut Sufrida","Retención IIBB Chubut Sufrida","sale","","retention","0.0","1","False","False","tax_group_retention_iibb_chubut","","l10n_ar.retention_retention_iibb_chubut_sufrida","invoice","base","","100.0"
"","","","","","","","","","","","","","","refund","base","","100.0"
"","","","","","","","","","","","","","","invoice","tax","imp_ingresos_brutos_retenciones_sufridas_chubut","100.0"
"","","","","","","","","","","","","","","refund","tax","imp_ingresos_brutos_retenciones_sufridas_chubut","100.0"
"tax_retencion_iibb_corrientes_sufrida","Retención IIBB Corrientes Sufrida","Retención IIBB Corrientes Sufrida","Retención IIBB Corrientes Sufrida","sale","","retention","0.0","1","False","False","tax_group_retention_iibb_corrientes","","l10n_ar.retention_retention_iibb_corrientes_sufrida","invoice","base","","100.0"
"","","","","","","","","","","","","","","refund","base","","100.0"
"","","","","","","","","","","","","","","invoice","tax","imp_ingresos_brutos_retenciones_sufridas_corrientes","100.0"
"","","","","","","","","","","","","","","refund","tax","imp_ingresos_brutos_retenciones_sufridas_corrientes","100.0"
"tax_retencion_iibb_cordoba_sufrida","Retención IIBB Córdoba Sufrida","Retención IIBB Córdoba Sufrida","Retención IIBB Córdoba Sufrida","sale","","retention","0.0","1","False","False","tax_group_retention_iibb_cordoba","","l10n_ar.retention_retention_iibb_cordoba_sufrida","invoice","base","","100.0"
"","","","","","","","","","","","","","","refund","base","","100.0"
"","","","","","","","","","","","","","","invoice","tax","imp_ingresos_brutos_retenciones_sufridas_cordoba","100.0"
"","","","","","","","","","","","","","","refund","tax","imp_ingresos_brutos_retenciones_sufridas_cordoba","100.0"
"tax_retencion_iibb_entre_rios_sufrida","Retención IIBB Entre Ríos Sufrida","Retención IIBB Entre Ríos Sufrida","Retención IIBB Entre Ríos Sufrida","sale","","retention","0.0","1","False","False","tax_group_retention_iibb_entre_rios","","l10n_ar.retention_retention_iibb_entre_rios_sufrida","invoice","base","","100.0"
"","","","","","","","","","","","","","","refund","base","","100.0"
"","","","","","","","","","","","","","","invoice","tax","imp_ingresos_brutos_retenciones_sufridas_entre_rios","100.0"
"","","","","","","","","","","","","","","refund","tax","imp_ingresos_brutos_retenciones_sufridas_entre_rios","100.0"
"tax_retencion_iibb_jujuy_sufrida","Retención IIBB Jujuy Sufrida","Retención IIBB Jujuy Sufrida","Retención IIBB Jujuy Sufrida","sale","","retention","0.0","1","False","False","tax_group_retention_iibb_jujuy","","l10n_ar.retention_retention_iibb_jujuy_sufrida","invoice","base","","100.0"
"","","","","","","","","","","","","","","refund","base","","100.0"
"","","","","","","","","","","","","","","invoice","tax","imp_ingresos_brutos_retenciones_sufridas_jujuy","100.0"
"","","","","","","","","","","","","","","refund","tax","imp_ingresos_brutos_retenciones_sufridas_jujuy","100.0"
"tax_retencion_iibb_la_pampa_sufrida","Retención IIBB La Pampa Sufrida","Retención IIBB La Pampa Sufrida","Retención IIBB La Pampa Sufrida","sale","","retention","0.0","1","False","False","tax_group_retention_iibb_la_pampa","","l10n_ar.retention_retention_iibb_la_pampa_sufrida","invoice","base","","100.0"
"","","","","","","","","","","","","","","refund","base","","100.0"
"","","","","","","","","","","","","","","invoice","tax","imp_ingresos_brutos_retenciones_sufridas_la_pampa","100.0"
"","","","","","","","","","","","","","","refund","tax","imp_ingresos_brutos_retenciones_sufridas_la_pampa","100.0"
"tax_retencion_iibb_mendoza_sufrida","Retención IIBB Mendoza Sufrida","Retención IIBB Mendoza Sufrida","Retención IIBB Mendoza Sufrida","sale","","retention","0.0","1","False","False","tax_group_retention_iibb_mendoza","","l10n_ar.retention_retention_iibb_mendoza_sufrida","invoice","base","","100.0"
"","","","","","","","","","","","","","","refund","base","","100.0"
"","","","","","","","","","","","","","","invoice","tax","imp_ingresos_brutos_retenciones_sufridas_mendoza","100.0"
"","","","","","","","","","","","","","","refund","tax","imp_ingresos_brutos_retenciones_sufridas_mendoza","100.0"
"tax_retencion_iibb_misiones_sufrida","Retención IIBB Misiones Sufrida","Retención IIBB Misiones Sufrida","Retención IIBB Misiones Sufrida","sale","","retention","0.0","1","False","False","tax_group_retention_iibb_misiones","","l10n_ar.retention_retention_iibb_misiones_sufrida","invoice","base","","100.0"
"","","","","","","","","","","","","","","refund","base","","100.0"
"","","","","","","","","","","","","","","invoice","tax","imp_ingresos_brutos_retenciones_sufridas_misiones","100.0"
"","","","","","","","","","","","","","","refund","tax","imp_ingresos_brutos_retenciones_sufridas_misiones","100.0"
"tax_retencion_iibb_neuquen_sufrida","Retención IIBB Neuquén Sufrida","Retención IIBB Neuquén Sufrida","Retención IIBB Neuquén Sufrida","sale","","retention","0.0","1","False","False","tax_group_retention_iibb_neuquen","","l10n_ar.retention_retention_iibb_neuquen_sufrida","invoice","base","","100.0"
"","","","","","","","","","","","","","","refund","base","","100.0"
"","","","","","","","","","","","","","","invoice","tax","imp_ingresos_brutos_retenciones_sufridas_neuquen","100.0"
"","","","","","","","","","","","","","","refund","tax","imp_ingresos_brutos_retenciones_sufridas_neuquen","100.0"
"tax_retencion_iibb_rio_negro_sufrida","Retención IIBB Río Negro Sufrida","Retención IIBB Río Negro Sufrida","Retención IIBB Río Negro Sufrida","sale","","retention","0.0","1","False","False","tax_group_retention_iibb_rio_negro","","l10n_ar.retention_retention_iibb_rio_negro_sufrida","invoice","base","","100.0"
"","","","","","","","","","","","","","","refund","base","","100.0"
"","","","","","","","","","","","","","","invoice","tax","imp_ingresos_brutos_retenciones_sufridas_rio_negro","100.0"
"","","","","","","","","","","","","","","refund","tax","imp_ingresos_brutos_retenciones_sufridas_rio_negro","100.0"
"tax_retencion_iibb_salta_sufrida","Retención IIBB Salta Sufrida","Retención IIBB Salta Sufrida","Retención IIBB Salta Sufrida","sale","","retention","0.0","1","False","False","tax_group_retention_iibb_salta","","l10n_ar.retention_retention_iibb_salta_sufrida","invoice","base","","100.0"
"","","","","","","","","","","","","","","refund","base","","100.0"
"","","","","","","","","","","","","","","invoice","tax","imp_ingresos_brutos_retenciones_sufridas_salta","100.0"
"","","","","","","","","","","","","","","refund","tax","imp_ingresos_brutos_retenciones_sufridas_salta","100.0"
"tax_retencion_iibb_san_luis_sufrida","Retención IIBB San Luis Sufrida","Retención IIBB San Luis Sufrida","Retención IIBB San Luis Sufrida","sale","","retention","0.0","1","False","False","tax_group_retention_iibb_san_luis","","l10n_ar.retention_retention_iibb_san_luis_sufrida","invoice","base","","100.0"
"","","","","","","","","","","","","","","refund","base","","100.0"
"","","","","","","","","","","","","","","invoice","tax","imp_ingresos_brutos_retenciones_sufridas_san_luis","100.0"
"","","","","","","","","","","","","","","refund","tax","imp_ingresos_brutos_retenciones_sufridas_san_luis","100.0"
"tax_retencion_iibb_santa_fe_sufrida","Retención IIBB Santa Fe Sufrida","Retención IIBB Santa Fe Sufrida","Retención IIBB Santa Fe Sufrida","sale","","retention","0.0","1","False","False","tax_group_retention_iibb_santa_fe","","l10n_ar.retention_retention_iibb_santa_fe_sufrida","invoice","base","","100.0"
"","","","","","","","","","","","","","","refund","base","","100.0"
"","","","","","","","","","","","","","","invoice","tax","imp_ingresos_brutos_retenciones_sufridas_santa_fe","100.0"
"","","","","","","","","","","","","","","refund","tax","imp_ingresos_brutos_retenciones_sufridas_santa_fe","100.0"
"tax_retencion_iibb_tierra_del_fuego_sufrida","Retención IIBB Tierra del Fuego Sufrida","Retención IIBB Tierra del Fuego Sufrida","Retención IIBB Tierra del Fuego Sufrida","sale","","retention","0.0","1","False","False","tax_group_retention_iibb_tierra_del_fuego","","l10n_ar.retention_retention_iibb_tierra_del_fuego_sufrida","invoice","base","","100.0"
"","","","","","","","","","","","","","","refund","base","","100.0"
"","","","","","","","","","","","","","","invoice","tax","imp_ingresos_brutos_retenciones_sufridas_tierra_del_fuego","100.0"
"","","","","","","","","","","","","","","refund","tax","imp_ingresos_brutos_retenciones_sufridas_tierra_del_fuego","100.0"